insert into webstore.order (id, user_id, address_id, ref_no, ordered_at)
values  (1, 31, 373, '', '2025-01-04 18:50:00'),
        (2, 31, 373, '', '2025-03-07 19:34:00'),
        (3, 13, 338, '', '2025-02-21 04:24:00'),
        (4, 5, 322, '', '2025-02-22 01:33:00'),
        (5, 5, 324, '', '2025-08-05 06:25:00'),
        (6, 42, 394, '', '2025-01-31 18:07:00'),
        (7, 36, 383, '', '2025-03-27 12:38:00'),
        (8, 36, 384, '', '2025-04-10 14:51:00'),
        (9, 36, 383, '', '2025-03-18 04:38:00'),
        (10, 3, 319, '', '2025-04-05 19:00:00'),
        (11, 3, 319, '', '2025-04-27 13:07:00'),
        (12, 34, 379, '', '2025-04-02 00:24:00'),
        (13, 47, 404, '', '2025-07-06 02:41:00'),
        (14, 47, 403, '', '2025-05-27 20:42:00'),
        (15, 12, 337, '', '2025-04-02 08:14:00'),
        (16, 12, 337, '', '2025-06-28 20:21:00'),
        (17, 20, 352, '', '2025-05-13 00:38:00'),
        (18, 20, 352, '', '2025-03-02 17:32:00'),
        (19, 20, 352, '', '2025-07-12 03:52:00'),
        (20, 16, 344, '', '2025-04-26 04:20:00'),
        (21, 8, 331, '', '2025-03-20 14:48:00'),
        (22, 8, 331, '', '2025-06-10 03:59:00'),
        (23, 8, 331, '', '2025-01-10 05:11:00'),
        (24, 1, 351, '', '2025-07-17 11:16:00'),
        (25, 35, 381, '', '2025-08-07 06:47:00'),
        (26, 35, 381, '', '2025-02-17 10:25:00'),
        (27, 11, 336, '', '2025-08-12 14:36:00'),
        (28, 11, 335, '', '2025-05-21 16:14:00'),
        (29, 11, 336, '', '2025-02-07 00:53:00'),
        (30, 24, 358, '', '2025-06-05 07:44:00'),
        (31, 26, 361, '', '2025-07-25 12:24:00'),
        (32, 26, 361, '', '2025-03-31 07:53:00'),
        (33, 26, 361, '', '2025-04-15 02:11:00'),
        (34, 43, 395, '', '2025-02-17 18:01:00'),
        (35, 43, 396, '', '2025-04-25 23:33:00'),
        (36, 9, 332, '', '2025-01-10 17:01:00'),
        (37, 4, 320, '', '2025-05-25 05:22:00'),
        (38, 33, 377, '', '2025-03-29 05:01:00'),
        (39, 33, 377, '', '2025-06-30 13:36:00'),
        (40, 29, 369, '', '2025-07-22 19:53:00'),
        (41, 17, 346, '', '2025-07-20 18:07:00'),
        (42, 17, 346, '', '2025-03-17 03:21:00'),
        (43, 17, 345, '', '2025-08-16 12:34:00'),
        (44, 22, 355, '', '2025-01-05 07:53:00'),
        (45, 41, 392, '', '2025-03-23 02:33:00'),
        (46, 41, 392, '', '2025-02-03 03:17:00'),
        (47, 41, 392, '', '2025-07-17 12:33:00'),
        (48, 48, 406, '', '2025-02-23 05:09:00'),
        (49, 48, 405, '', '2025-02-23 10:18:00'),
        (50, 2, 316, '', '2025-09-10 20:04:00'),
        (51, 2, 316, '', '2025-08-11 08:19:00'),
        (52, 2, 316, '', '2025-01-30 00:50:00'),
        (53, 39, 389, '', '2025-06-17 11:31:00'),
        (54, 39, 389, '', '2025-04-30 14:30:00'),
        (55, 39, 389, '', '2025-08-10 22:16:00'),
        (56, 6, 327, '', '2025-01-23 12:18:00'),
        (57, 6, 327, '', '2025-01-11 00:15:00'),
        (58, 40, 390, '', '2025-03-18 23:22:00'),
        (59, 40, 390, '', '2025-06-12 19:07:00'),
        (60, 40, 390, '', '2025-03-05 21:31:00'),
        (61, 50, 409, '', '2025-05-22 20:35:00'),
        (62, 50, 409, '', '2025-06-22 14:41:00'),
        (63, 50, 409, '', '2025-08-27 04:44:00'),
        (64, 21, 354, '', '2025-02-14 08:05:00'),
        (65, 32, 375, '', '2025-09-06 15:46:00'),
        (66, 15, 343, '', '2025-02-04 13:49:00'),
        (67, 15, 343, '', '2025-02-25 05:47:00'),
        (68, 18, 347, '', '2025-06-18 06:19:00'),
        (69, 18, 347, '', '2025-02-10 11:30:00'),
        (70, 18, 348, '', '2025-06-28 14:28:00'),
        (71, 7, 329, '', '2025-08-19 04:28:00'),
        (72, 7, 329, '', '2025-01-19 03:02:00'),
        (73, 7, 329, '', '2025-05-19 00:26:00'),
        (74, 44, 398, '', '2025-06-06 09:31:00'),
        (75, 49, 408, '', '2025-08-15 15:38:00'),
        (76, 49, 408, '', '2025-08-12 20:19:00'),
        (77, 46, 401, '', '2025-02-08 18:42:00'),
        (78, 46, 401, '', '2025-06-03 17:49:00'),
        (79, 37, 385, '', '2025-05-30 04:19:00'),
        (80, 37, 386, '', '2025-01-01 07:43:00'),
        (81, 37, 385, '', '2025-03-03 16:30:00'),
        (82, 25, 359, '', '2025-04-25 16:07:00'),
        (83, 25, 359, '', '2025-03-08 09:09:00'),
        (84, 10, 334, '', '2025-02-20 14:21:00'),
        (85, 10, 334, '', '2025-05-11 04:48:00'),
        (86, 38, 388, '', '2025-04-01 22:22:00'),
        (87, 38, 388, '', '2025-07-20 22:36:00'),
        (88, 19, 350, '', '2025-05-13 21:02:00'),
        (89, 19, 349, '', '2025-04-07 19:04:00'),
        (90, 19, 350, '', '2025-04-16 10:14:00'),
        (91, 27, 363, '', '2025-08-11 07:30:00'),
        (92, 30, 372, '', '2025-04-21 20:46:00'),
        (93, 30, 370, '', '2025-07-04 04:31:00'),
        (94, 30, 371, '', '2025-01-01 02:16:00'),
        (95, 23, 357, '', '2025-04-22 17:27:00'),
        (96, 23, 357, '', '2025-05-27 19:19:00'),
        (97, 28, 365, '', '2025-02-16 20:17:00'),
        (98, 28, 366, '', '2025-09-03 22:48:00'),
        (99, 45, 399, '', '2025-06-25 12:04:00'),
        (100, 45, 399, '', '2025-05-31 01:59:00'),
        (101, 14, 341, '', '2025-05-21 20:36:00'),
        (102, 14, 341, '', '2025-05-26 04:07:00');



insert into webstore.order_item (order_id, book_id, quantity, unit_price, comment)
values  (1, 72192, 1, 12990, null),
        (1, 1295472, 2, 27840, null),
        (1, 1992827, 2, 12120, null),
        (2, 1526159, 1, 14920, null),
        (2, 1532903, 1, 3240, null),
        (2, 1533010, 2, 12360, null),
        (3, 6608095, 2, 8720, null),
        (4, 1833294, 2, 41120, null),
        (4, 6185755, 1, 25860, null),
        (5, 546540, 1, 4080, null),
        (5, 1224081, 1, 9840, null),
        (6, 5314677, 1, 18720, null),
        (7, 2858467, 2, 6720, null),
        (7, 3072447, 1, 9540, null),
        (7, 4129540, 1, 2800, null),
        (8, 4347317, 1, 10840, null),
        (9, 2093606, 1, 5670, null),
        (10, 1622320, 2, 11940, null),
        (10, 2824342, 2, 12480, null),
        (10, 4676502, 2, 26000, null),
        (11, 195033, 2, 24960, null),
        (12, 872452, 2, 15560, null),
        (12, 1206988, 2, 13740, null),
        (12, 4900998, 1, 14170, null),
        (13, 308424, 1, 3880, null),
        (13, 2879431, 1, 9220, null),
        (13, 3704206, 2, 15540, null),
        (14, 1384131, 1, 14800, null),
        (14, 3368978, 1, 7000, null),
        (15, 1071969, 1, 4050, null),
        (15, 3031530, 1, 2440, null),
        (15, 6449253, 1, 7560, null),
        (16, 6524992, 1, 7680, null),
        (17, 1472142, 2, 15600, null),
        (18, 3334269, 2, 20160, null),
        (18, 6453550, 1, 9210, null),
        (18, 6491883, 1, 13860, null),
        (19, 126018, 2, 10040, null),
        (19, 1992833, 2, 11760, null),
        (19, 2093626, 1, 5790, null),
        (20, 2378909, 1, 13020, null),
        (21, 1590865, 2, 31820, null),
        (21, 6526222, 2, 10640, null),
        (22, 156582, 1, 6630, null),
        (23, 1051539, 1, 4800, null),
        (23, 1810211, 1, 7620, null),
        (23, 3413107, 1, 5280, null),
        (24, 1138943, 1, 22120, null),
        (24, 3926641, 1, 19420, null),
        (25, 644171, 1, 13330, null),
        (25, 4526230, 2, 42740, null),
        (25, 6610029, 1, 4230, null),
        (26, 1532902, 2, 6360, null),
        (26, 2564226, 1, 10270, null),
        (26, 2732878, 1, 12520, null),
        (27, 2160737, 1, 2440, null),
        (28, 362195, 1, 7680, null),
        (28, 1014570, 2, 10320, null),
        (28, 3834997, 1, 14400, null),
        (29, 1621494, 2, 23280, null),
        (29, 5060378, 2, 32180, null),
        (29, 5592125, 1, 9430, null),
        (30, 5300262, 2, 26240, null),
        (30, 6391048, 1, 9120, null),
        (31, 527791, 1, 13330, null),
        (31, 6574900, 1, 12060, null),
        (32, 647093, 2, 9840, null),
        (32, 2933057, 1, 12490, null),
        (33, 6568576, 2, 23520, null),
        (34, 1090544, 2, 12360, null),
        (35, 290646, 1, 10560, null),
        (35, 3838157, 1, 8800, null),
        (36, 857920, 2, 16320, null),
        (36, 2408340, 1, 6960, null),
        (36, 6653308, 2, 30800, null),
        (37, 164954, 2, 17360, null),
        (37, 314574, 2, 15840, null),
        (37, 363394, 1, 4770, null),
        (38, 1075700, 1, 2440, null),
        (38, 3053755, 2, 3120, null),
        (38, 3234763, 1, 3120, null),
        (39, 236093, 1, 4620, null),
        (39, 2445881, 2, 20000, null),
        (39, 4623510, 2, 17300, null),
        (40, 113496, 1, 3840, null),
        (40, 442503, 2, 46160, null),
        (40, 6757951, 2, 8160, null),
        (41, 165018, 2, 37620, null),
        (41, 236378, 2, 5760, null),
        (42, 63242, 1, 7680, null),
        (42, 3073459, 1, 13170, null),
        (43, 614918, 1, 15990, null),
        (43, 947898, 2, 26820, null),
        (43, 2301877, 1, 2440, null),
        (44, 283532, 1, 10560, null),
        (44, 1248840, 1, 4080, null),
        (45, 1533119, 2, 24840, null),
        (45, 2826921, 1, 1200, null),
        (46, 6668351, 1, 3840, null),
        (47, 132380, 2, 6740, null),
        (48, 201145, 1, 960, null),
        (48, 477589, 2, 11520, null),
        (49, 1715128, 1, 15840, null),
        (49, 6135531, 2, 12000, null),
        (49, 6652676, 1, 5760, null),
        (50, 260246, 1, 8160, null),
        (51, 1989333, 1, 16960, null),
        (51, 6770634, 1, 2220, null),
        (52, 1822619, 2, 38940, null),
        (53, 597547, 2, 29840, null),
        (53, 1252238, 1, 8460, null),
        (53, 6350887, 1, 24300, null),
        (54, 103843, 2, 9600, null),
        (54, 1910085, 1, 10840, null),
        (55, 2759457, 2, 28940, null),
        (56, 2618782, 2, 25800, null),
        (57, 32401, 2, 20160, null),
        (57, 1014188, 2, 5720, null),
        (57, 6378558, 1, 8640, null),
        (58, 3099420, 1, 9570, null),
        (59, 4653649, 1, 12400, null),
        (59, 6120293, 2, 16680, null),
        (60, 2962, 2, 41360, null),
        (60, 173938, 1, 1920, null),
        (60, 622858, 2, 8280, null),
        (61, 1992833, 2, 11760, null),
        (61, 6337833, 2, 11600, null),
        (62, 1384131, 2, 29600, null),
        (62, 1526159, 1, 14920, null),
        (63, 1881551, 1, 23580, null),
        (63, 3234763, 1, 3120, null),
        (63, 3327643, 1, 5760, null),
        (64, 1363376, 2, 11400, null),
        (65, 929507, 1, 6000, null),
        (65, 1099989, 2, 1920, null),
        (65, 3278828, 2, 16880, null),
        (66, 879827, 1, 16800, null),
        (66, 2327939, 1, 20680, null),
        (66, 5867840, 1, 14620, null),
        (67, 283531, 1, 15360, null),
        (67, 5300262, 1, 13120, null),
        (68, 15294, 2, 36480, null),
        (68, 2929794, 1, 4840, null),
        (68, 4172144, 1, 9430, null),
        (69, 195066, 1, 12960, null),
        (69, 1880474, 2, 15440, null),
        (70, 548455, 1, 8410, null),
        (71, 362700, 1, 12960, null),
        (71, 582607, 2, 13040, null),
        (71, 6123540, 1, 15240, null),
        (72, 308424, 1, 3880, null),
        (72, 360236, 2, 11220, null),
        (73, 1324786, 1, 6600, null),
        (73, 1401836, 1, 19240, null),
        (73, 2535266, 1, 5190, null),
        (74, 23627, 2, 27300, null),
        (75, 247334, 2, 12480, null),
        (75, 3652827, 1, 10560, null),
        (76, 355794, 2, 11840, null),
        (77, 156572, 2, 26460, null),
        (78, 1533007, 2, 13500, null),
        (78, 3522419, 1, 14400, null),
        (78, 6577143, 2, 10020, null),
        (79, 305770, 1, 4800, null),
        (80, 3278811, 1, 12690, null),
        (80, 5605682, 2, 12300, null),
        (80, 6482661, 1, 7440, null),
        (81, 320345, 2, 19200, null),
        (81, 2379972, 1, 2640, null),
        (82, 473033, 2, 20720, null),
        (83, 1633893, 2, 11520, null),
        (84, 1125306, 2, 34640, null),
        (84, 1586171, 2, 25800, null),
        (84, 3077976, 2, 9800, null),
        (85, 744884, 2, 68180, null),
        (85, 1485530, 1, 9120, null),
        (85, 6086979, 1, 5970, null),
        (86, 1533169, 1, 9720, null),
        (87, 377428, 2, 38000, null),
        (87, 847041, 1, 6240, null),
        (87, 2015902, 1, 10020, null),
        (88, 5739442, 2, 24000, null),
        (89, 1629449, 2, 57420, null),
        (89, 2088365, 2, 5520, null),
        (89, 5990207, 2, 25020, null),
        (90, 2928101, 2, 31380, null),
        (91, 388975, 2, 10080, null),
        (91, 407136, 1, 2760, null),
        (91, 1067093, 1, 28870, null),
        (92, 3129763, 1, 13410, null),
        (92, 3429944, 1, 7320, null),
        (92, 6444253, 2, 11640, null),
        (93, 6080259, 2, 39600, null),
        (94, 561415, 2, 16880, null),
        (95, 358683, 2, 4800, null),
        (96, 4824890, 2, 28160, null),
        (97, 2274006, 1, 6240, null),
        (97, 2618564, 2, 26300, null),
        (97, 2812646, 2, 12840, null),
        (98, 79705, 1, 15400, null),
        (99, 1312580, 2, 26880, null),
        (99, 1382302, 1, 17860, null),
        (99, 2236508, 1, 14400, null),
        (100, 742153, 1, 7120, null),
        (100, 970060, 1, 6300, null),
        (101, 412273, 2, 7920, null),
        (101, 2487844, 1, 8050, null),
        (101, 6652703, 2, 11640, null),
        (102, 3466205, 2, 37440, null),
        (102, 6034288, 2, 28880, null),
        (102, 6086964, 1, 5670, null);


insert into webstore.order_adjustment (id, order_id, type, amount, comment)
values  (1, 89, 'SHIPPING', 0, null),
        (2, 58, 'SHIPPING', 800, null),
        (3, 31, 'SHIPPING', 0, null),
        (4, 22, 'SHIPPING', 800, null),
        (5, 74, 'SHIPPING', 0, null),
        (6, 71, 'SHIPPING', 0, null),
        (7, 85, 'SHIPPING', 0, null),
        (8, 59, 'SHIPPING', 0, null),
        (9, 49, 'SHIPPING', 0, null),
        (10, 75, 'SHIPPING', 0, null),
        (11, 37, 'SHIPPING', 0, null),
        (12, 64, 'SHIPPING', 0, null),
        (13, 14, 'SHIPPING', 0, null),
        (14, 56, 'SHIPPING', 0, null),
        (15, 61, 'SHIPPING', 0, null),
        (16, 25, 'SHIPPING', 0, null),
        (17, 96, 'SHIPPING', 0, null),
        (18, 10, 'SHIPPING', 0, null),
        (19, 102, 'SHIPPING', 0, null),
        (20, 1, 'SHIPPING', 0, null),
        (21, 91, 'SHIPPING', 0, null),
        (22, 70, 'SHIPPING', 800, null),
        (23, 63, 'SHIPPING', 0, null),
        (24, 3, 'SHIPPING', 800, null),
        (25, 46, 'SHIPPING', 800, null),
        (26, 68, 'SHIPPING', 0, null),
        (27, 41, 'SHIPPING', 0, null),
        (28, 32, 'SHIPPING', 0, null),
        (29, 19, 'SHIPPING', 0, null),
        (30, 2, 'SHIPPING', 0, null),
        (31, 47, 'SHIPPING', 800, null),
        (32, 23, 'SHIPPING', 0, null),
        (33, 15, 'SHIPPING', 0, null),
        (34, 79, 'SHIPPING', 800, null),
        (35, 88, 'SHIPPING', 0, null),
        (36, 26, 'SHIPPING', 0, null),
        (37, 44, 'SHIPPING', 0, null),
        (38, 38, 'SHIPPING', 800, null),
        (39, 97, 'SHIPPING', 0, null),
        (40, 93, 'SHIPPING', 0, null),
        (41, 78, 'SHIPPING', 0, null),
        (42, 5, 'SHIPPING', 0, null),
        (43, 92, 'SHIPPING', 0, null),
        (44, 7, 'SHIPPING', 0, null),
        (45, 4, 'SHIPPING', 0, null),
        (46, 52, 'SHIPPING', 0, null),
        (47, 16, 'SHIPPING', 800, null),
        (48, 90, 'SHIPPING', 0, null),
        (49, 72, 'SHIPPING', 0, null),
        (50, 21, 'SHIPPING', 0, null),
        (51, 53, 'SHIPPING', 0, null),
        (52, 60, 'SHIPPING', 0, null),
        (53, 66, 'SHIPPING', 0, null),
        (54, 82, 'SHIPPING', 0, null),
        (55, 48, 'SHIPPING', 0, null),
        (56, 18, 'SHIPPING', 0, null),
        (57, 6, 'SHIPPING', 0, null),
        (58, 39, 'SHIPPING', 0, null),
        (59, 43, 'SHIPPING', 0, null),
        (60, 83, 'SHIPPING', 0, null),
        (61, 101, 'SHIPPING', 0, null),
        (62, 77, 'SHIPPING', 0, null),
        (63, 8, 'SHIPPING', 0, null),
        (64, 36, 'SHIPPING', 0, null),
        (65, 80, 'SHIPPING', 0, null),
        (66, 100, 'SHIPPING', 0, null),
        (67, 73, 'SHIPPING', 0, null),
        (68, 30, 'SHIPPING', 0, null),
        (69, 55, 'SHIPPING', 0, null),
        (70, 67, 'SHIPPING', 0, null),
        (71, 54, 'SHIPPING', 0, null),
        (72, 94, 'SHIPPING', 0, null),
        (73, 62, 'SHIPPING', 0, null),
        (74, 87, 'SHIPPING', 0, null),
        (75, 40, 'SHIPPING', 0, null),
        (76, 24, 'SHIPPING', 0, null),
        (77, 99, 'SHIPPING', 0, null),
        (78, 34, 'SHIPPING', 0, null),
        (79, 98, 'SHIPPING', 0, null),
        (80, 86, 'SHIPPING', 800, null),
        (81, 27, 'SHIPPING', 800, null),
        (82, 69, 'SHIPPING', 0, null),
        (83, 13, 'SHIPPING', 0, null),
        (84, 57, 'SHIPPING', 0, null),
        (85, 50, 'SHIPPING', 800, null),
        (86, 45, 'SHIPPING', 0, null),
        (87, 28, 'SHIPPING', 0, null),
        (88, 20, 'SHIPPING', 0, null),
        (89, 42, 'SHIPPING', 0, null),
        (90, 84, 'SHIPPING', 0, null),
        (91, 29, 'SHIPPING', 0, null),
        (92, 33, 'SHIPPING', 0, null),
        (93, 81, 'SHIPPING', 0, null),
        (94, 12, 'SHIPPING', 0, null),
        (95, 51, 'SHIPPING', 0, null),
        (96, 65, 'SHIPPING', 0, null),
        (97, 9, 'SHIPPING', 800, null),
        (98, 17, 'SHIPPING', 0, null),
        (99, 35, 'SHIPPING', 0, null),
        (100, 76, 'SHIPPING', 0, null),
        (101, 11, 'SHIPPING', 0, null),
        (102, 95, 'SHIPPING', 800, null);


insert into webstore.shipment (id, order_id, ready_at, shipped_at, arrived_at, updated_at)
values  (1, 1, '2025-01-06 22:32:00', '2025-01-07 22:32:00', '2025-01-09 00:57:00', '2025-09-11 07:08:14'),
        (2, 2, '2025-03-11 18:10:00', '2025-03-12 18:10:00', '2025-03-14 08:04:00', '2025-09-11 07:08:14'),
        (3, 3, '2025-02-24 12:15:00', '2025-02-25 12:15:00', '2025-02-27 02:29:00', '2025-09-11 07:08:14'),
        (4, 4, '2025-02-25 22:25:00', '2025-02-26 22:25:00', '2025-02-28 14:55:00', '2025-09-11 07:08:14'),
        (5, 5, '2025-08-08 09:44:00', '2025-08-09 09:44:00', '2025-08-10 18:48:00', '2025-09-11 07:08:14'),
        (6, 6, '2025-02-02 18:09:00', '2025-02-03 18:09:00', '2025-02-05 13:06:00', '2025-09-11 07:08:14'),
        (7, 7, '2025-03-29 19:11:00', '2025-03-30 19:11:00', '2025-04-01 06:49:00', '2025-09-11 07:08:14'),
        (8, 8, '2025-04-14 13:56:00', '2025-04-15 13:56:00', '2025-04-16 14:09:00', '2025-09-11 07:08:14'),
        (9, 9, '2025-03-21 20:20:00', '2025-03-22 20:20:00', '2025-03-24 04:26:00', '2025-09-11 07:08:14'),
        (10, 10, '2025-04-09 07:15:00', '2025-04-10 07:15:00', '2025-04-12 05:27:00', '2025-09-11 07:08:14'),
        (11, 11, '2025-05-01 11:28:00', '2025-05-02 11:28:00', '2025-05-03 16:12:00', '2025-09-11 07:08:14'),
        (12, 12, '2025-04-04 06:19:00', '2025-04-05 06:19:00', '2025-04-06 17:39:00', '2025-09-11 07:08:14'),
        (13, 13, '2025-07-09 20:38:00', '2025-07-10 20:38:00', '2025-07-12 13:42:00', '2025-09-11 07:08:14'),
        (14, 14, '2025-05-31 00:07:00', '2025-06-01 00:07:00', '2025-06-02 04:24:00', '2025-09-11 07:08:14'),
        (15, 15, '2025-04-05 13:36:00', '2025-04-06 13:36:00', '2025-04-08 10:54:00', '2025-09-11 07:08:14'),
        (16, 16, '2025-07-02 19:54:00', '2025-07-03 19:54:00', '2025-07-05 19:21:00', '2025-09-11 07:08:14'),
        (17, 17, '2025-05-15 20:45:00', '2025-05-16 20:45:00', '2025-05-18 17:03:00', '2025-09-11 07:08:14'),
        (18, 18, '2025-03-06 11:40:00', '2025-03-07 11:40:00', '2025-03-09 07:54:00', '2025-09-11 07:08:14'),
        (19, 19, '2025-07-14 17:24:00', '2025-07-15 17:24:00', '2025-07-16 18:36:00', '2025-09-11 07:08:14'),
        (20, 20, '2025-04-29 03:19:00', '2025-04-30 03:19:00', '2025-05-01 14:41:00', '2025-09-11 07:08:14'),
        (21, 21, '2025-03-23 17:48:00', '2025-03-24 17:48:00', '2025-03-26 04:09:00', '2025-09-11 07:08:14'),
        (22, 22, '2025-06-13 13:24:00', '2025-06-14 13:24:00', '2025-06-15 20:02:00', '2025-09-11 07:08:14'),
        (23, 23, '2025-01-13 01:42:00', '2025-01-14 01:42:00', '2025-01-15 15:35:00', '2025-09-11 07:08:14'),
        (24, 24, '2025-07-20 14:55:00', '2025-07-21 14:55:00', '2025-07-23 12:51:00', '2025-09-11 07:08:14'),
        (25, 25, '2025-08-09 13:12:00', '2025-08-10 13:12:00', '2025-08-11 16:06:00', '2025-09-11 07:08:14'),
        (26, 26, '2025-02-21 05:19:00', '2025-02-22 05:19:00', '2025-02-23 22:58:00', '2025-09-11 07:08:14'),
        (27, 27, '2025-08-15 15:52:00', '2025-08-16 15:52:00', '2025-08-17 22:35:00', '2025-09-11 07:08:14'),
        (28, 28, '2025-05-24 16:51:00', '2025-05-25 16:51:00', '2025-05-27 06:34:00', '2025-09-11 07:08:14'),
        (29, 29, '2025-02-10 12:48:00', '2025-02-11 12:48:00', '2025-02-13 04:51:00', '2025-09-11 07:08:14'),
        (30, 30, '2025-06-07 09:48:00', '2025-06-08 09:48:00', '2025-06-09 17:45:00', '2025-09-11 07:08:14'),
        (31, 31, '2025-07-28 18:50:00', '2025-07-29 18:50:00', '2025-07-30 22:12:00', '2025-09-11 07:08:14'),
        (32, 32, '2025-04-04 01:05:00', '2025-04-05 01:05:00', '2025-04-06 20:54:00', '2025-09-11 07:08:14'),
        (33, 33, '2025-04-18 16:13:00', '2025-04-19 16:13:00', '2025-04-20 21:49:00', '2025-09-11 07:08:14'),
        (34, 34, '2025-02-20 03:45:00', '2025-02-21 03:45:00', '2025-02-22 11:22:00', '2025-09-11 07:08:14'),
        (35, 35, '2025-04-29 05:07:00', '2025-04-30 05:07:00', '2025-05-01 13:51:00', '2025-09-11 07:08:14'),
        (36, 36, '2025-01-13 15:04:00', '2025-01-14 15:04:00', '2025-01-16 03:07:00', '2025-09-11 07:08:14'),
        (37, 37, '2025-05-27 22:07:00', '2025-05-28 22:07:00', '2025-05-30 04:27:00', '2025-09-11 07:08:14'),
        (38, 38, '2025-04-01 10:41:00', '2025-04-02 10:41:00', '2025-04-03 22:11:00', '2025-09-11 07:08:14'),
        (39, 39, '2025-07-03 16:22:00', '2025-07-04 16:22:00', '2025-07-06 03:48:00', '2025-09-11 07:08:14'),
        (40, 40, '2025-07-25 00:24:00', '2025-07-26 00:24:00', '2025-07-27 14:38:00', '2025-09-11 07:08:14'),
        (41, 41, '2025-07-23 11:53:00', '2025-07-24 11:53:00', '2025-07-26 03:07:00', '2025-09-11 07:08:14'),
        (42, 42, '2025-03-21 03:15:00', '2025-03-22 03:15:00', '2025-03-23 11:59:00', '2025-09-11 07:08:14'),
        (43, 43, '2025-08-19 20:00:00', '2025-08-20 20:00:00', '2025-08-22 08:31:00', '2025-09-11 07:08:14'),
        (44, 44, '2025-01-08 14:10:00', '2025-01-09 14:10:00', '2025-01-11 12:44:00', '2025-09-11 07:08:14'),
        (45, 45, '2025-03-25 13:06:00', '2025-03-26 13:06:00', '2025-03-27 20:42:00', '2025-09-11 07:08:14'),
        (46, 46, '2025-02-06 09:34:00', '2025-02-07 09:34:00', '2025-02-08 22:37:00', '2025-09-11 07:08:14'),
        (47, 47, '2025-07-21 05:24:00', '2025-07-22 05:24:00', '2025-07-23 12:59:00', '2025-09-11 07:08:14'),
        (48, 48, '2025-02-26 06:00:00', '2025-02-27 06:00:00', '2025-02-28 13:06:00', '2025-09-11 07:08:14'),
        (49, 49, '2025-02-27 07:04:00', '2025-02-28 07:04:00', '2025-03-02 01:04:00', '2025-09-11 07:08:14'),
        (50, 50, null, null, null, '2025-09-11 07:08:14'),
        (51, 51, '2025-08-15 07:00:00', '2025-08-16 07:00:00', '2025-08-18 06:32:00', '2025-09-11 07:08:14'),
        (52, 52, '2025-02-02 23:50:00', '2025-02-03 23:50:00', '2025-02-05 06:25:00', '2025-09-11 07:08:14'),
        (53, 53, '2025-06-21 11:31:00', '2025-06-22 11:31:00', '2025-06-24 06:14:00', '2025-09-11 07:08:14'),
        (54, 54, '2025-05-02 21:40:00', '2025-05-03 21:40:00', '2025-05-05 01:36:00', '2025-09-11 07:08:14'),
        (55, 55, '2025-08-13 23:25:00', '2025-08-14 23:25:00', '2025-08-16 14:48:00', '2025-09-11 07:08:14'),
        (56, 56, '2025-01-25 17:25:00', '2025-01-26 17:25:00', '2025-01-27 21:28:00', '2025-09-11 07:08:14'),
        (57, 57, '2025-01-14 02:23:00', '2025-01-15 02:23:00', '2025-01-16 14:21:00', '2025-09-11 07:08:14'),
        (58, 58, '2025-03-21 19:12:00', '2025-03-22 19:12:00', '2025-03-24 17:11:00', '2025-09-11 07:08:14'),
        (59, 59, '2025-06-15 08:01:00', '2025-06-16 08:01:00', '2025-06-17 21:28:00', '2025-09-11 07:08:14'),
        (60, 60, '2025-03-09 13:53:00', '2025-03-10 13:53:00', '2025-03-12 01:51:00', '2025-09-11 07:08:14'),
        (61, 61, '2025-05-26 14:19:00', '2025-05-27 14:19:00', '2025-05-29 03:22:00', '2025-09-11 07:08:14'),
        (62, 62, '2025-06-25 21:21:00', '2025-06-26 21:21:00', '2025-06-28 19:37:00', '2025-09-11 07:08:14'),
        (63, 63, '2025-08-30 18:20:00', '2025-08-31 18:20:00', '2025-09-01 19:34:00', '2025-09-11 07:08:14'),
        (64, 64, '2025-02-17 19:17:00', '2025-02-18 19:17:00', '2025-02-20 10:49:00', '2025-09-11 07:08:14'),
        (65, 65, '2025-09-10 05:53:00', '2025-09-11 05:53:00', null, '2025-09-11 07:08:14'),
        (66, 66, '2025-02-07 13:56:00', '2025-02-08 13:56:00', '2025-02-10 10:15:00', '2025-09-11 07:08:14'),
        (67, 67, '2025-02-28 17:42:00', '2025-03-01 17:42:00', '2025-03-02 20:18:00', '2025-09-11 07:08:14'),
        (68, 68, '2025-06-20 09:24:00', '2025-06-21 09:24:00', '2025-06-23 06:33:00', '2025-09-11 07:08:14'),
        (69, 69, '2025-02-12 22:19:00', '2025-02-13 22:19:00', '2025-02-15 06:10:00', '2025-09-11 07:08:14'),
        (70, 70, '2025-07-01 12:17:00', '2025-07-02 12:17:00', '2025-07-04 05:56:00', '2025-09-11 07:08:14'),
        (71, 71, '2025-08-21 18:34:00', '2025-08-22 18:34:00', '2025-08-23 23:59:00', '2025-09-11 07:08:14'),
        (72, 72, '2025-01-21 04:09:00', '2025-01-22 04:09:00', '2025-01-23 16:56:00', '2025-09-11 07:08:14'),
        (73, 73, '2025-05-22 06:37:00', '2025-05-23 06:37:00', '2025-05-24 14:21:00', '2025-09-11 07:08:14'),
        (74, 74, '2025-06-10 01:55:00', '2025-06-11 01:55:00', '2025-06-12 15:14:00', '2025-09-11 07:08:14'),
        (75, 75, '2025-08-19 03:01:00', '2025-08-20 03:01:00', '2025-08-22 00:40:00', '2025-09-11 07:08:14'),
        (76, 76, '2025-08-16 11:10:00', '2025-08-17 11:10:00', '2025-08-19 03:04:00', '2025-09-11 07:08:14'),
        (77, 77, '2025-02-10 22:44:00', '2025-02-11 22:44:00', '2025-02-13 05:44:00', '2025-09-11 07:08:14'),
        (78, 78, '2025-06-05 19:22:00', '2025-06-06 19:22:00', '2025-06-08 15:49:00', '2025-09-11 07:08:14'),
        (79, 79, '2025-06-02 02:14:00', '2025-06-03 02:14:00', '2025-06-04 05:13:00', '2025-09-11 07:08:14'),
        (80, 80, '2025-01-04 12:45:00', '2025-01-05 12:45:00', '2025-01-06 20:58:00', '2025-09-11 07:08:14'),
        (81, 81, '2025-03-07 05:30:00', '2025-03-08 05:30:00', '2025-03-09 23:03:00', '2025-09-11 07:08:14'),
        (82, 82, '2025-04-27 18:57:00', '2025-04-28 18:57:00', '2025-04-30 13:08:00', '2025-09-11 07:08:14'),
        (83, 83, '2025-03-10 18:34:00', '2025-03-11 18:34:00', '2025-03-13 09:19:00', '2025-09-11 07:08:14'),
        (84, 84, '2025-02-23 11:01:00', '2025-02-24 11:01:00', '2025-02-25 22:05:00', '2025-09-11 07:08:14'),
        (85, 85, '2025-05-13 10:57:00', '2025-05-14 10:57:00', '2025-05-16 03:33:00', '2025-09-11 07:08:14'),
        (86, 86, '2025-04-03 22:46:00', '2025-04-04 22:46:00', '2025-04-06 06:49:00', '2025-09-11 07:08:14'),
        (87, 87, '2025-07-24 18:06:00', '2025-07-25 18:06:00', '2025-07-26 21:08:00', '2025-09-11 07:08:14'),
        (88, 88, '2025-05-16 11:16:00', '2025-05-17 11:16:00', '2025-05-18 20:45:00', '2025-09-11 07:08:14'),
        (89, 89, '2025-04-10 01:47:00', '2025-04-11 01:47:00', '2025-04-12 19:59:00', '2025-09-11 07:08:14'),
        (90, 90, '2025-04-19 16:53:00', '2025-04-20 16:53:00', '2025-04-22 04:25:00', '2025-09-11 07:08:14'),
        (91, 91, '2025-08-14 17:25:00', '2025-08-15 17:25:00', '2025-08-17 17:10:00', '2025-09-11 07:08:14'),
        (92, 92, '2025-04-24 14:20:00', '2025-04-25 14:20:00', '2025-04-27 13:44:00', '2025-09-11 07:08:14'),
        (93, 93, '2025-07-06 12:41:00', '2025-07-07 12:41:00', '2025-07-09 07:27:00', '2025-09-11 07:08:14'),
        (94, 94, '2025-01-04 09:53:00', '2025-01-05 09:53:00', '2025-01-06 11:46:00', '2025-09-11 07:08:14'),
        (95, 95, '2025-04-25 19:31:00', '2025-04-26 19:31:00', '2025-04-28 15:38:00', '2025-09-11 07:08:14'),
        (96, 96, '2025-05-31 13:12:00', '2025-06-01 13:12:00', '2025-06-02 17:55:00', '2025-09-11 07:08:14'),
        (97, 97, '2025-02-18 21:01:00', '2025-02-19 21:01:00', '2025-02-21 12:02:00', '2025-09-11 07:08:14'),
        (98, 98, '2025-09-06 23:55:00', '2025-09-07 23:55:00', '2025-09-09 00:46:00', '2025-09-11 07:08:14'),
        (99, 99, '2025-06-28 18:58:00', '2025-06-29 18:58:00', '2025-07-01 06:54:00', '2025-09-11 07:08:14'),
        (100, 100, '2025-06-03 23:30:00', '2025-06-04 23:30:00', '2025-06-06 01:18:00', '2025-09-11 07:08:14'),
        (101, 101, '2025-05-25 11:06:00', '2025-05-26 11:06:00', '2025-05-28 00:51:00', '2025-09-11 07:08:14'),
        (102, 102, '2025-05-28 05:10:00', '2025-05-29 05:10:00', '2025-05-30 13:04:00', '2025-09-11 07:08:14');
